30268,Montana,38,08/09/2022
62518,Dottie,87,2/13/2024
55720,Lotheville,66,11/28/2023
9179,Laurel,63,9/30/2024
87424,Badeau,76,10/25/2024
1894,Bluejay,9,12/23/2022
93937,Maywood,65,05/02/2022
18261,Hollow Ridge,64,06/07/2023
87647,Monument,57,12/29/2023
33231,Donald,21,12/24/2024
20668,Crest Line,66,1/28/2024
52148,Vidon,67,1/27/2025
43086,Harper,81,5/23/2024
84155,Stang,4,05/11/2022
86907,Crownhardt,86,02/02/2025
69009,Dovetail,66,7/16/2023
32248,Springview,22,6/24/2024
85132,2nd,73,3/18/2025
95749,Jenifer,35,10/09/2023
6745,Lighthouse Bay,14,10/30/2022
44705,Warrior,46,6/16/2024
288,Aberg,11,2/13/2023
86797,Walton,1,08/04/2022
12284,Glacier Hill,9,1/27/2023
69699,Sutherland,57,7/23/2023
6105,Trailsway,96,8/13/2023
6546,Sullivan,70,7/22/2023
29250,Nobel,49,6/26/2023
78376,Northport,27,11/26/2024
82890,Memorial,90,05/10/2022
52749,Fair Oaks,43,7/29/2024
25962,Walton,18,11/20/2024
64792,Lunder,4,5/28/2023
59076,Pond,99,6/17/2024
54489,Golden Leaf,15,09/10/2024
30106,Alpine,17,1/28/2025
23281,Garrison,15,1/31/2025
97634,Judy,38,7/23/2022
2860,Crescent Oaks,77,8/31/2023
74662,Heffernan,25,10/25/2022
98575,Tennyson,67,01/11/2024
99758,Lunder,14,4/29/2023
34273,Summit,15,02/09/2025
30938,Park Meadow,58,02/10/2024
41794,Fulton,4,10/24/2024
72736,Merchant,33,10/25/2024
76333,Carberry,31,1/24/2025
71292,Jackson,80,08/12/2024
35499,Sachtjen,15,05/02/2024
74638,Sheridan,1,06/08/2023
94395,Morrow,49,3/13/2023
97136,Pepper Wood,70,04/08/2023
37172,Mayfield,63,1/15/2024
69631,Daystar,94,5/14/2023
50036,Grim,41,10/29/2024
4980,Sullivan,86,3/20/2023
39661,Dayton,100,02/06/2025
68011,Ramsey,58,08/03/2022
38713,Wayridge,99,06/02/2024
69868,Claremont,79,01/09/2023
49980,Fisk,73,03/11/2025
47557,Derek,67,3/21/2024
42240,Paget,63,3/15/2023
94091,Pine View,33,04/05/2023
80122,Stuart,78,6/30/2024
30306,Moose,58,2/25/2025
19821,Judy,14,10/15/2022
53035,Summer Ridge,44,08/07/2024
84681,Heath,30,11/30/2022
31520,Glendale,79,02/04/2023
68409,Manufacturers,89,2/24/2024
27895,Corry,78,05/07/2022
69150,Pennsylvania,17,8/30/2024
60715,Butternut,40,02/04/2025
55121,Cherokee,18,11/26/2024
17222,Prentice,52,10/06/2023
38110,Bluestem,16,7/25/2023
20428,Kensington,59,1/26/2024
50669,Glendale,81,5/23/2024
84520,Graceland,13,6/16/2023
23920,Knutson,1,4/17/2024
40658,Miller,39,2/21/2023
64647,Fieldstone,15,5/30/2022
33480,Farmco,46,4/21/2022
7917,Birchwood,31,10/27/2024
96646,Shoshone,45,4/14/2023
57925,Continental,50,02/06/2024
55869,Stuart,100,7/14/2023
11072,Maryland,29,03/02/2025
33099,Jenifer,51,03/02/2024
96488,Northland,77,9/26/2022
60993,Forest Run,92,1/30/2024
20168,Fairfield,41,02/04/2024
84712,Leroy,41,06/09/2023
59107,Fordem,63,11/18/2024
31900,Esker,61,04/09/2024
76006,Hazelcrest,39,8/28/2023
57782,Pierstorff,1,2/26/2024
52649,Melvin,12,02/12/2025
32441,Bultman,71,12/28/2024
47332,Acker,45,1/15/2025
96166,Dakota,38,5/18/2022
88055,Banding,11,6/26/2024
59438,Westerfield,14,10/26/2024
96037,Sullivan,87,5/16/2022
35308,Grasskamp,52,7/27/2024
2401,Rieder,37,3/25/2023
79814,Hansons,58,01/09/2025
6364,Roth,34,11/18/2023
99780,Norway Maple,87,10/21/2024
41552,Graedel,87,09/01/2023
16991,Center,40,1/17/2024
37365,School,51,4/18/2023
7058,Iowa,42,2/20/2024
31475,Kennedy,31,09/05/2022
77724,Independence,7,8/16/2024
89132,Becker,68,7/13/2024
9085,Maryland,45,2/25/2023
98317,Ridgeway,96,8/28/2024
62653,Cascade,90,12/21/2023
43806,Wayridge,98,7/16/2022
22141,Doe Crossing,16,5/20/2024
64687,Northridge,33,10/16/2023
79436,Cordelia,49,09/07/2022
40090,Parkside,35,8/25/2024
63881,Washington,44,5/31/2022
1915,Anhalt,95,10/06/2022
40074,Kings,26,11/14/2024
1810,Packers,57,1/30/2023
37205,Schmedeman,19,8/28/2024
75096,Bluejay,99,9/20/2023
98430,Lawn,78,06/07/2023
24884,Bunting,57,12/19/2022
31237,Tennessee,94,7/14/2023
44818,Blue Bill Park,96,11/11/2024
46757,Grover,73,07/09/2024
39577,Oak Valley,14,12/07/2022
54608,Bayside,29,5/17/2024
50741,Hazelcrest,10,10/02/2023
99728,Hansons,91,12/29/2023
58052,Colorado,18,9/26/2023
69073,East,9,6/20/2023
51821,Golden Leaf,96,11/11/2023
6203,Green Ridge,47,02/01/2025
81561,Redwing,55,12/04/2023
88494,Hanover,43,6/22/2022
31690,Eggendart,13,2/21/2023
5037,Homewood,26,9/21/2024
13013,Becker,10,7/14/2023
52653,Grasskamp,63,9/24/2022
10449,Pepper Wood,62,3/17/2023
14948,Walton,57,04/11/2024
53804,Troy,78,1/31/2024
325,Dahle,30,5/21/2022
34936,Fisk,59,03/07/2023
30206,Northport,30,12/08/2023
90293,Harper,69,10/14/2022
34506,Bonner,16,3/23/2023
26059,Nobel,44,5/26/2022
22300,Norway Maple,13,3/25/2023
30425,Goodland,59,04/02/2023
17728,Mitchell,92,02/02/2023
51764,Schurz,79,08/01/2022
44871,Schmedeman,12,6/18/2022
88643,Doe Crossing,11,05/02/2024
91876,Daystar,96,5/30/2023
9767,Valley Edge,37,4/17/2023
54201,Canary,53,10/07/2024
52381,Luster,91,8/30/2022
23590,Killdeer,90,02/07/2023
96813,International,61,03/11/2024
44548,Carberry,72,4/17/2022
10712,Lukken,98,1/25/2024
97649,Almo,36,5/29/2024
82739,Calypso,18,12/10/2024
30002,8th,49,01/01/2024
52517,Florence,3,01/06/2024
51430,Hintze,92,03/09/2024
11482,Spohn,76,01/12/2024
94367,Springs,4,3/29/2025
1592,Pine View,29,11/02/2023
52362,Crownhardt,65,9/20/2023
61432,Bashford,81,4/22/2023
96143,Forest,20,2/17/2025
29832,3rd,37,01/12/2025
97016,Marcy,28,12/17/2023
27531,Esch,74,03/01/2023
16391,Farwell,2,1/24/2024
3391,Shasta,18,4/30/2023
59360,Columbus,11,11/30/2022
45807,Gina,22,9/23/2022
66171,Messerschmidt,17,10/05/2022
93329,Manitowish,79,6/19/2022
37725,Prentice,39,3/21/2024
28505,Bay,98,1/24/2025
96926,Bellgrove,28,4/16/2023
82837,Talmadge,9,11/07/2023
59033,Lillian,70,4/27/2024
4264,Hermina,88,6/22/2022
25930,John Wall,85,08/10/2022
26772,Fair Oaks,26,05/02/2023
72422,Porter,79,01/09/2023
36245,Canary,7,4/18/2023
42147,Norway Maple,28,02/08/2023
50852,West,99,09/04/2024
12250,Warbler,78,10/28/2022
46138,Hudson,75,8/31/2022
47321,Butterfield,66,05/12/2024
16768,Harper,26,06/05/2024
98720,Lotheville,8,11/25/2024
33735,Killdeer,90,9/28/2023
71913,Myrtle,41,09/09/2023
36645,Esker,26,12/26/2022
52932,Crest Line,78,02/10/2025
392,Darwin,47,11/30/2022
6292,Little Fleur,33,04/12/2024
40428,Logan,33,01/07/2025
33296,Marcy,82,05/07/2022
36953,Nancy,42,12/18/2023
53724,Straubel,69,5/19/2022
98819,Oak,20,12/09/2023
57331,Arrowood,61,2/21/2023
30220,South,25,11/25/2024
37816,Manufacturers,55,6/22/2022
37601,Schlimgen,82,4/23/2023
3411,Bobwhite,82,09/11/2022
62159,Haas,80,12/17/2023
3718,Namekagon,55,11/30/2024
95788,Columbus,60,08/07/2022
34771,Starling,93,2/29/2024
99094,Esker,88,8/20/2022
18253,Summerview,58,12/11/2022
50985,Schmedeman,22,02/12/2025
83483,Glendale,32,11/20/2024
58977,Linden,49,8/16/2023
85089,Jenna,45,11/21/2023
46945,Independence,18,11/29/2023
20258,Burning Wood,25,4/20/2022
4017,8th,35,06/12/2022
30273,Elka,72,11/30/2024
62635,Myrtle,41,9/17/2023
79183,Fairfield,11,04/07/2022
80170,Hintze,21,07/12/2023
87220,Moose,52,3/14/2024
39196,Pennsylvania,95,10/30/2022
9924,Luster,49,09/06/2023
81329,Steensland,18,4/22/2022
68273,Garrison,94,12/08/2022
6760,Ridgeview,20,06/04/2024
66738,Oak Valley,46,11/06/2022
43540,Roth,11,11/02/2023
82157,Parkside,68,9/22/2023
29995,Derek,67,5/28/2023
55811,Schurz,86,07/05/2022
60626,Bobwhite,7,2/28/2023
89863,Trailsway,35,01/07/2024
32384,Packers,8,11/18/2024
58975,Ryan,44,10/27/2022
85532,Carberry,69,7/26/2024
77068,Luster,11,10/08/2022
92775,Melody,14,9/20/2024
18749,Village Green,52,08/06/2022
16123,Corry,30,12/19/2023
24779,Welch,50,9/25/2022
17276,Park Meadow,39,11/18/2024
15369,Ridgeview,55,05/02/2022
32444,Spenser,20,1/17/2024
65600,Clemons,36,12/20/2023
86244,West,60,9/16/2024
24206,Annamark,57,7/24/2024
54212,Logan,59,2/28/2024
31761,Meadow Ridge,35,11/16/2024
72876,Valley Edge,61,11/08/2023
27205,Westerfield,54,6/22/2023
45117,Old Shore,94,11/14/2022
68950,Northport,75,09/11/2022
1870,Tennessee,19,1/14/2023
37776,International,93,3/16/2024
40421,Miller,40,5/30/2024
97685,Pond,62,8/14/2022
63693,Hanson,69,4/19/2022
91389,Red Cloud,36,5/30/2023
86500,Forest Dale,46,06/11/2022
27935,Mosinee,96,12/31/2022
15851,Shasta,59,6/26/2024
56357,Mccormick,97,02/01/2024
28243,Haas,45,1/23/2025
95411,Badeau,38,06/10/2024
29438,Wayridge,99,10/28/2024
86379,Crest Line,19,03/12/2024
13656,Eagan,19,08/01/2024
59164,Randy,58,2/15/2023
10034,Mccormick,100,1/28/2023
50677,Northfield,19,08/10/2022
96906,Westport,99,7/31/2022
71245,Mallard,66,1/16/2025
24681,Springview,78,03/11/2023
64221,Schlimgen,39,1/28/2024
29448,Delaware,97,3/18/2025
68826,Scofield,2,01/01/2025
85069,Gerald,49,4/21/2023
99272,Blaine,95,4/29/2023
59614,Ridgeview,97,06/07/2022
68948,Dahle,96,06/02/2022
26447,Eastwood,78,1/29/2023
91700,Loomis,36,2/25/2025
76707,Calypso,31,2/14/2025
49238,Northfield,11,12/25/2022
93946,Kings,52,02/12/2025
81628,Vidon,40,11/11/2024
9983,Summer Ridge,63,10/09/2022
92664,Pierstorff,28,12/14/2022
80026,Fairview,95,11/23/2023
91941,Artisan,73,2/27/2023
45844,Ryan,70,12/09/2023
24684,Jay,48,5/19/2024
47721,Texas,77,10/20/2024
32905,Toban,32,06/11/2022
34421,Fordem,51,6/15/2023
60355,Fairview,11,09/08/2023
6227,Milwaukee,41,07/12/2024
1579,Fremont,95,4/17/2023
8542,Hoepker,59,3/21/2024
2633,Debra,17,12/18/2022
75045,Sunfield,68,06/07/2023
25251,3rd,71,9/15/2022
58277,Bunker Hill,50,9/17/2024
51102,Summer Ridge,85,2/23/2023
99212,Bluestem,98,1/25/2024
21442,Eastlawn,18,12/13/2024
60067,Longview,33,12/16/2023
36070,Spohn,8,09/03/2022
93047,Hoffman,47,10/20/2023
66471,Miller,68,12/25/2024
20521,Bashford,93,11/15/2023
49617,Vahlen,57,12/27/2023
68751,Crest Line,56,11/01/2023
81512,Monterey,3,1/28/2023
64228,Kingsford,55,08/09/2024
22541,New Castle,63,3/26/2025
54646,Bobwhite,28,10/17/2022
6429,Menomonie,63,12/14/2022
73111,Forest Run,45,6/15/2022
37608,Monument,8,1/22/2023
88641,Paget,54,1/16/2023
7390,Glendale,62,10/17/2023
62880,Independence,47,1/21/2023
729,Stephen,85,10/07/2023
10748,Russell,11,1/15/2025
99869,Shopko,88,07/04/2023
37948,Loomis,63,02/10/2024
32632,Badeau,72,2/19/2023
24379,Hallows,34,8/18/2023
52570,Thackeray,80,2/16/2023
89447,Annamark,62,5/18/2022
88144,Loeprich,86,04/03/2022
76452,Summerview,66,07/01/2022
37512,Eastlawn,62,02/08/2025
24425,Sugar,8,10/14/2022
34320,Sommers,49,4/14/2024
63400,Warbler,20,8/30/2022
73265,Texas,24,01/06/2023
63384,Vera,23,8/26/2022
6271,Pawling,54,5/26/2022
17692,Eagle Crest,41,4/28/2023
85032,Coolidge,62,08/04/2024
58627,Manufacturers,27,02/06/2024
74503,Lyons,80,12/05/2024
16496,Glacier Hill,41,1/21/2025
69020,Judy,40,8/27/2024
35243,Bultman,58,9/30/2023
55044,Loeprich,73,1/16/2025
55141,7th,70,11/07/2023
65515,Burning Wood,7,6/14/2023
97497,Schmedeman,56,11/29/2022
88215,Almo,43,11/26/2023
31555,Anhalt,78,1/15/2023
81960,Old Shore,67,9/25/2022
65404,Hansons,85,05/11/2022
86175,Delladonna,25,3/22/2023
91467,Fairfield,65,11/14/2022
72110,Knutson,44,04/06/2022
37826,Loomis,15,12/25/2023
71755,Shasta,33,9/23/2023
26575,Arrowood,86,04/05/2023
37584,Fair Oaks,81,9/27/2023
15380,Saint Paul,57,10/31/2024
94054,Main,56,6/14/2024
2078,Kennedy,22,12/14/2022
9697,Coleman,6,7/22/2024
39629,Vernon,84,08/03/2024
24745,Cordelia,59,11/21/2024
55200,Green Ridge,94,05/10/2023
30922,Eagle Crest,16,12/08/2022
95396,Rusk,15,04/02/2025
25173,Stephen,11,11/20/2024
67396,Ilene,95,02/08/2024
65635,Pine View,5,6/24/2023
5219,Annamark,92,4/24/2022
84024,Gerald,52,09/03/2022
